3.2879362,4.8235294,0,10002,1,0,1,0,10100,2698018,82,820581,17,36813,2016
4.7851691,4.7857143,0,10008,1,0,2,0,10200,2070758,67,432745,14,54492,2016
3.2879362,4.8235294,0,10011,1,0,1,0,10100,2698018,82,820581,17,86120,2016
5.3526985,4.9565217,0,10015,1,0,1,1,10110,7099086,114,1326263,23,99206,2016
5.3526985,4.9565217,0,10017,1,0,1,1,10110,7099086,114,1326263,23,44914,2016
3.2879362,4.8235294,0,10022,1,0,1,0,10100,2698018,82,820581,17,14679,2016
5.3526985,4.9565217,0,10028,1,0,1,1,10110,7099086,114,1326263,23,79874,2016
3.6980266,4.4,0,10029,1,2,1,1,12110,1936675,22,523705,5,122698,2016
5.3526985,4.9565217,0,10031,1,0,1,1,10110,7099086,114,1326263,23,57873,2016
4.8674306,4.5555556,0,10037,1,0,2,1,10210,1880084,41,386258,9,89138,2016
3.2879362,4.8235294,0,10038,1,0,1,0,10100,2698018,82,820581,17,33669,2016
4.3876939,4.3333333,0,10040,1,1,2,1,11210,1218603,13,277732,3,122446,2016
5.5153057,4.8181818,0,10043,1,0,4,2,10420,674202,53,122242,11,13512,2016
3.2879362,4.8235294,0,10053,1,0,1,0,10100,2698018,82,820581,17,57844,2016
4.1501714,4.8888889,0,10061,1,1,1,1,11110,4384598,44,1056486,9,87387,2016
3.6980266,4.4,0,10062,1,2,1,1,12110,1936675,22,523705,5,71531,2016
4.5118782,4.7333333,0,10075,1,4,3,2,14320,1491839,71,330647,15,4590,2016
5.5153057,4.8181818,0,10077,1,0,4,2,10420,674202,53,122242,11,8311,2016
4.5118782,4.7333333,0,10078,1,4,3,2,14320,1491839,71,330647,15,23114,2016
4.7851691,4.7857143,0,10082,1,0,2,0,10200,2070758,67,432745,14,31246,2016
5.3526985,4.9565217,0,10091,1,0,1,1,10110,7099086,114,1326263,23,68008,2016
3.6810558,4.5,0,10094,1,2,2,1,12210,1243295,18,337755,4,77925,2016
3.2879362,4.8235294,0,10095,1,0,1,0,10100,2698018,82,820581,17,176121,2016
4.7851691,4.7857143,0,10098,1,0,2,0,10200,2070758,67,432745,14,31922,2016
5.3526985,4.9565217,0,10101,1,0,1,1,10110,7099086,114,1326263,23,72037,2016
4.7851691,4.7857143,0,10102,1,0,2,0,10200,2070758,67,432745,14,19162,2016
4.7851691,4.7857143,0,10107,1,0,2,0,10200,2070758,67,432745,14,40707,2016
4.1501714,4.8888889,0,10108,1,1,1,1,11110,4384598,44,1056486,9,56828,2016
4.5118782,4.7333333,0,10109,1,4,3,2,14320,1491839,71,330647,15,37936,2016
4.5118782,4.7333333,0,10111,1,4,3,2,14320,1491839,71,330647,15,14939,2016
3.2310048,3,0,10113,1,3,2,1,13210,322842,6,99920,2,65139,2016
4.8927193,4,0,10117,1,3,1,1,13110,589421,8,120469,2,84858,2016
3.6810558,4.5,0,10119,1,2,2,1,12210,1243295,18,337755,4,88300,2016
5.5153057,4.8181818,0,10122,1,0,4,2,10420,674202,53,122242,11,15510,2016
5.3526985,4.9565217,0,10124,1,0,1,1,10110,7099086,114,1326263,23,58400,2016
4.8674306,4.5555556,0,10127,1,0,2,1,10210,1880084,41,386258,9,78267,2016
3.2879362,4.8235294,0,10128,1,0,1,0,10100,2698018,82,820581,17,13609,2016
5.3526985,4.9565217,0,10146,1,0,1,1,10110,7099086,114,1326263,23,78868,2016
4.7851691,4.7857143,0,10147,1,0,2,0,10200,2070758,67,432745,14,28463,2016
5.5153057,4.8181818,0,10158,1,0,4,2,10420,674202,53,122242,11,21299,2016
3.2879362,4.8235294,0,10159,1,0,1,0,10100,2698018,82,820581,17,38177,2016
3.6810558,4.5,0,10160,1,2,2,1,12210,1243295,18,337755,4,40777,2016
4.5118782,4.7333333,0,10164,1,4,3,2,14320,1491839,71,330647,15,13445,2016
3.2879362,4.8235294,0,10167,1,0,1,0,10100,2698018,82,820581,17,30859,2016
2.9431641,3.5,0,10168,1,3,8,0,13800,371236,7,126135,2,72604,2016
4.7851691,4.7857143,0,10171,1,0,2,0,10200,2070758,67,432745,14,79967,2016
3.6810558,4.5,0,10189,1,2,2,1,12210,1243295,18,337755,4,130753,2016
5.3526985,4.9565217,0,10192,1,0,1,1,10110,7099086,114,1326263,23,63285,2016
5.3526985,4.9565217,0,10196,1,0,1,1,10110,7099086,114,1326263,23,50068,2016
4.5118782,4.7333333,0,10202,1,4,3,2,14320,1491839,71,330647,15,9929,2016
3.6970834,2,0,10208,1,8,3,2,18320,235519,4,63704,2,46069,2016
4.5118782,4.7333333,0,10211,1,4,3,2,14320,1491839,71,330647,15,16057,2016
5.5153057,4.8181818,0,10218,1,0,4,2,10420,674202,53,122242,11,10667,2016
4.3876939,4.3333333,0,10225,1,1,2,1,11210,1218603,13,277732,3,56687,2016
5.3526985,4.9565217,0,10230,1,0,1,1,10110,7099086,114,1326263,23,44955,2016
4.7851691,4.7857143,0,10231,1,0,2,0,10200,2070758,67,432745,14,27654,2016
4.1501714,4.8888889,0,10232,1,1,1,1,11110,4384598,44,1056486,9,125435,2016
5.3526985,4.9565217,0,10233,1,0,1,1,10110,7099086,114,1326263,23,97672,2016
4.5118782,4.7333333,0,10240,1,4,3,2,14320,1491839,71,330647,15,20291,2016
3.2879362,4.8235294,0,10245,1,0,1,0,10100,2698018,82,820581,17,23497,2016
5.3526985,4.9565217,0,10247,1,0,1,1,10110,7099086,114,1326263,23,42783,2016
5.5153057,4.8181818,0,10248,1,0,4,2,10420,674202,53,122242,11,15204,2016
4.5118782,4.7333333,0,10249,1,4,3,2,14320,1491839,71,330647,15,36564,2016
5.3526985,4.9565217,0,10255,1,0,1,1,10110,7099086,114,1326263,23,50952,2016
4.7851691,4.7857143,0,10258,1,0,2,0,10200,2070758,67,432745,14,7636,2016
4.8674306,4.5555556,0,10260,1,0,2,1,10210,1880084,41,386258,9,62982,2016
4.1501714,4.8888889,0,10268,1,1,1,1,11110,4384598,44,1056486,9,328602,2016
4.5118782,4.7333333,0,10270,1,4,3,2,14320,1491839,71,330647,15,2193,2016
4.8674306,4.5555556,0,10271,1,0,2,1,10210,1880084,41,386258,9,40267,2016
4.1501714,4.8888889,0,10276,1,1,1,1,11110,4384598,44,1056486,9,63900,2016
3.2879362,4.8235294,0,10279,1,0,1,0,10100,2698018,82,820581,17,31630,2016
3.2879362,4.8235294,0,10283,1,0,1,0,10100,2698018,82,820581,17,40455,2016
4.7851691,4.7857143,0,10291,1,0,2,0,10200,2070758,67,432745,14,19160,2016
3.2879362,4.8235294,0,10292,1,0,1,0,10100,2698018,82,820581,17,46502,2016
4.1501714,4.8888889,0,10294,1,1,1,1,11110,4384598,44,1056486,9,67416,2016
4.5118782,4.7333333,0,10295,1,4,3,2,14320,1491839,71,330647,15,26542,2016
3.6980266,4.4,0,10298,1,2,1,1,12110,1936675,22,523705,5,109502,2016
5.3526985,4.9565217,0,10308,1,0,1,1,10110,7099086,114,1326263,23,18325,2016
3.6970834,2,0,10312,1,8,3,2,18320,235519,4,63704,2,17635,2016
1.965954,2,0,10314,1,2,1,0,12100,258462,4,131469,2,75718,2016
4.7851691,4.7857143,0,10317,1,0,2,0,10200,2070758,67,432745,14,35901,2016
3.2879362,4.8235294,0,10328,1,0,1,0,10100,2698018,82,820581,17,144239,2016
5.5153057,4.8181818,0,10331,1,0,4,2,10420,674202,53,122242,11,6311,2016
4.1501714,4.8888889,0,10334,1,1,1,1,11110,4384598,44,1056486,9,107683,2016
4.8674306,4.5555556,0,10335,1,0,2,1,10210,1880084,41,386258,9,26011,2016
5.3526985,4.9565217,0,10337,1,0,1,1,10110,7099086,114,1326263,23,28511,2016
4.7851691,4.7857143,0,10340,1,0,2,0,10200,2070758,67,432745,14,9406,2016
5.5153057,4.8181818,0,10341,1,0,4,2,10420,674202,53,122242,11,5633,2016
5.3526985,4.9565217,0,10347,1,0,1,1,10110,7099086,114,1326263,23,31995,2016
4.8674306,4.5555556,0,10355,1,0,2,1,10210,1880084,41,386258,9,11008,2016
4.7851691,4.7857143,0,10356,1,0,2,0,10200,2070758,67,432745,14,20042,2016
5.3526985,4.9565217,0,10360,1,0,1,1,10110,7099086,114,1326263,23,44436,2016
4.3876939,4.3333333,0,10364,1,1,2,1,11210,1218603,13,277732,3,98599,2016
4.8674306,4.5555556,0,10366,1,0,2,1,10210,1880084,41,386258,9,26069,2016
4.8674306,4.5555556,0,10371,1,0,2,1,10210,1880084,41,386258,9,38998,2016
1.965954,2,0,10373,1,2,1,0,12100,258462,4,131469,2,55751,2016
4.1501714,4.8888889,0,10379,1,1,1,1,11110,4384598,44,1056486,9,73705,2016
3.6980266,4.4,0,10381,1,2,1,1,12110,1936675,22,523705,5,161026,2016
4.8927193,4,0,10384,1,3,1,1,13110,589421,8,120469,2,35611,2016
5.3526985,4.9565217,0,10388,1,0,1,1,10110,7099086,114,1326263,23,19313,2016
4.5118782,4.7333333,0,10390,1,4,3,2,14320,1491839,71,330647,15,13851,2016
5.3526985,4.9565217,0,10391,1,0,1,1,10110,7099086,114,1326263,23,69605,2016
3.2879362,4.8235294,0,10392,1,0,1,0,10100,2698018,82,820581,17,30948,2016
4.5118782,4.7333333,0,10394,1,4,3,2,14320,1491839,71,330647,15,57075,2016
3.2879362,4.8235294,0,10397,1,0,1,0,10100,2698018,82,820581,17,8682,2016
3.2310048,3,0,10398,1,3,2,1,13210,322842,6,99920,2,34781,2016
5.3526985,4.9565217,0,10399,1,0,1,1,10110,7099086,114,1326263,23,50147,2016
4.8674306,4.5555556,0,10400,1,0,2,1,10210,1880084,41,386258,9,13518,2016
4.5118782,4.7333333,0,10405,1,4,3,2,14320,1491839,71,330647,15,29119,2016
5.3526985,4.9565217,0,10410,1,0,1,1,10110,7099086,114,1326263,23,124453,2016
5.3526985,4.9565217,0,10413,1,0,1,1,10110,7099086,114,1326263,23,30583,2016
5.5153057,4.8181818,0,10414,1,0,4,2,10420,674202,53,122242,11,6501,2016
3.6980266,4.4,0,10418,1,2,1,1,12110,1936675,22,523705,5,58948,2016
4.5118782,4.7333333,0,10419,1,4,3,2,14320,1491839,71,330647,15,25002,2016
3.2879362,4.8235294,0,10424,1,0,1,0,10100,2698018,82,820581,17,6737,2016
2.9431641,3.5,0,10429,1,3,8,0,13800,371236,7,126135,2,53531,2016
5.5153057,4.8181818,0,10433,1,0,4,2,10420,674202,53,122242,11,10849,2016
4.7851691,4.7857143,0,10436,1,0,2,0,10200,2070758,67,432745,14,26987,2016
5.5153057,4.8181818,0,10437,1,0,4,2,10420,674202,53,122242,11,8445,2016
4.1501714,4.8888889,0,10446,1,1,1,1,11110,4384598,44,1056486,9,145530,2016
6.3347939,5,0,20002,2,0,2,0,20200,1794645,135,281816,27,2289,2016
4.3335768,4.9,1,20004,2,0,3,2,20321,628802,49,145100,10,34422,2016
5.7886857,4.9090909,4,20005,2,0,3,2,20324,2679270,162,462846,33,3793,2016
5.8842866,4.9189189,1,20018,2,0,4,2,20421,723373,182,122933,37,638,2016
14.5065807,4.3333333,4,20019,2,3,4,2,23424,159819,13,11017,3,8486,2016
6.3347939,5,0,20024,2,0,2,0,20200,1794645,135,281816,27,6775,2016
5.8842866,4.9189189,1,20025,2,0,4,2,20421,723373,182,122933,37,1465,2016
6.2558945,4.9423077,4,20036,2,0,4,2,20424,1369090,257,218848,52,457,2016
6.2558945,4.9423077,4,20037,2,0,4,2,20424,1369090,257,218848,52,9560,2016
3.9978369,4.8695652,0,20044,2,0,1,0,20100,2733461,112,683735,23,36106,2016
3.9978369,4.8695652,0,20046,2,0,1,0,20100,2733461,112,683735,23,24713,2016
5.9636611,4.3333333,0,20047,2,3,2,0,23200,887190,26,148766,6,19474,2016
6.2558945,4.9423077,4,20050,2,0,4,2,20424,1369090,257,218848,52,3519,2016
3.9978369,4.8695652,0,20052,2,0,1,0,20100,2733461,112,683735,23,2884,2016
5.6420023,4.875,0,20055,2,0,2,1,20210,1395459,39,247334,8,37059,2016
6.2558945,4.9423077,4,20058,2,0,4,2,20424,1369090,257,218848,52,11822,2016
5.8842866,4.9189189,1,20072,2,0,4,2,20421,723373,182,122933,37,420,2016
14.5065807,4.3333333,4,20075,2,3,4,2,23424,159819,13,11017,3,1897,2016
5.8842866,4.9189189,1,20078,2,0,4,2,20421,723373,182,122933,37,2579,2016
5.8842866,4.9189189,1,20088,2,0,4,2,20421,723373,182,122933,37,4504,2016
4.0289812,4.4285714,0,20089,2,2,1,1,22110,2242398,31,556567,7,184741,2016
6.2335559,5,4,20094,2,3,3,2,23324,877560,40,140780,8,4975,2016
6.2558945,4.9423077,4,20095,2,0,4,2,20424,1369090,257,218848,52,1279,2016
5.8842866,4.9189189,1,20097,2,0,4,2,20421,723373,182,122933,37,1385,2016
4.0289812,4.4285714,0,20098,2,2,1,1,22110,2242398,31,556567,7,66670,2016
3.7968785,4.5555556,0,20099,2,1,1,1,21110,3607456,41,950111,9,82294,2016
6.2558945,4.9423077,4,20100,2,0,4,2,20424,1369090,257,218848,52,9756,2016
6.3347939,5,0,20102,2,0,2,0,20200,1794645,135,281816,27,4851,2016
4.3335768,4.9,1,20107,2,0,3,2,20321,628802,49,145100,10,3002,2016
6.3347939,5,0,20112,2,0,2,0,20200,1794645,135,281816,27,62149,2016
6.2558945,4.9423077,4,20113,2,0,4,2,20424,1369090,257,218848,52,8117,2016
4.3335768,4.9,1,20118,2,0,3,2,20321,628802,49,145100,10,2633,2016
6.2558945,4.9423077,4,20119,2,0,4,2,20424,1369090,257,218848,52,2937,2016
4.8408621,4.4,0,20126,2,3,1,1,23110,1172481,22,242205,5,98534,2016
6.2558945,4.9423077,4,20134,2,0,4,2,20424,1369090,257,218848,52,3582,2016
6.0680482,5,0,20136,2,3,2,1,23210,1063207,25,175214,5,55324,2016
4.4523191,3,1,20141,2,3,3,2,23321,118169,6,26541,2,11613,2016
6.2558945,4.9423077,4,20144,2,0,4,2,20424,1369090,257,218848,52,528,2016
6.8115817,4.2,0,20146,2,2,2,0,22200,1126983,21,165451,5,34349,2016
5.8842866,4.9189189,1,20164,2,0,4,2,20421,723373,182,122933,37,547,2016
6.2558945,4.9423077,4,20169,2,0,4,2,20424,1369090,257,218848,52,430,2016
4.5545027,4.8333333,0,20173,2,1,2,1,21210,2672983,29,586888,6,99994,2016
5.8842866,4.9189189,1,20174,2,0,4,2,20421,723373,182,122933,37,1226,2016
6.3347939,5,0,20177,2,0,2,0,20200,1794645,135,281816,27,3114,2016
5.8842866,4.9189189,1,20179,2,0,4,2,20421,723373,182,122933,37,760,2016
6.2558945,4.9423077,4,20180,2,0,4,2,20424,1369090,257,218848,52,2112,2016
5.8842866,4.9189189,1,20188,2,0,4,2,20421,723373,182,122933,37,4276,2016
6.2558945,4.9423077,4,20190,2,0,4,2,20424,1369090,257,218848,52,659,2016
6.3347939,5,0,20193,2,0,2,0,20200,1794645,135,281816,27,3659,2016
3.9978369,4.8695652,0,20196,2,0,1,0,20100,2733461,112,683735,23,6622,2016
3.7968785,4.5555556,0,20205,2,1,1,1,21110,3607456,41,950111,9,154111,2016
6.3347939,5,0,20206,2,0,2,0,20200,1794645,135,281816,27,16383,2016
5.7886857,4.9090909,4,20210,2,0,3,2,20324,2679270,162,462846,33,19268,2016
6.2558945,4.9423077,4,20212,2,0,4,2,20424,1369090,257,218848,52,14495,2016
5.7886857,4.9090909,4,20218,2,0,3,2,20324,2679270,162,462846,33,255,2016
5.505201,4.25,0,20224,2,3,1,0,23100,619748,17,112575,4,32645,2016
5.7886857,4.9090909,4,20230,2,0,3,2,20324,2679270,162,462846,33,11635,2016
6.2558945,4.9423077,4,20233,2,0,4,2,20424,1369090,257,218848,52,471,2016
6.3347939,5,0,20236,2,0,2,0,20200,1794645,135,281816,27,2381,2016
5.7886857,4.9090909,4,20237,2,0,3,2,20324,2679270,162,462846,33,4566,2016
5.9636611,4.3333333,0,20241,2,3,2,0,23200,887190,26,148766,6,43861,2016
6.0680482,5,0,20243,2,3,2,1,23210,1063207,25,175214,5,18287,2016
4.4848481,5,0,20245,2,0,1,1,20110,3400367,80,758190,16,30291,2016
5.8842866,4.9189189,1,20247,2,0,4,2,20421,723373,182,122933,37,4710,2016
4.4848481,5,0,20248,2,0,1,1,20110,3400367,80,758190,16,7351,2016
3.9978369,4.8695652,0,20252,2,0,1,0,20100,2733461,112,683735,23,8800,2016
6.2558945,4.9423077,4,20253,2,0,4,2,20424,1369090,257,218848,52,9011,2016
4.0289812,4.4285714,0,20254,2,2,1,1,22110,2242398,31,556567,7,100829,2016
4.3335768,4.9,1,20259,2,0,3,2,20321,628802,49,145100,10,30378,2016
6.2558945,4.9423077,4,20260,2,0,4,2,20424,1369090,257,218848,52,1319,2016
5.8842866,4.9189189,1,20261,2,0,4,2,20421,723373,182,122933,37,3922,2016
6.2558945,4.9423077,4,20263,2,0,4,2,20424,1369090,257,218848,52,3381,2016
5.4038435,4.75,0,20264,2,2,2,1,22210,2160997,38,399900,8,38311,2016
6.2558945,4.9423077,4,20265,2,0,4,2,20424,1369090,257,218848,52,1769,2016
4.4848481,5,0,20267,2,0,1,1,20110,3400367,80,758190,16,45242,2016
6.3347939,5,0,20270,2,0,2,0,20200,1794645,135,281816,27,3583,2016
6.2558945,4.9423077,4,20271,2,0,4,2,20424,1369090,257,218848,52,7907,2016
4.5545027,4.8333333,0,20273,2,1,2,1,21210,2672983,29,586888,6,109866,2016
5.7886857,4.9090909,4,20278,2,0,3,2,20324,2679270,162,462846,33,48038,2016
5.8842866,4.9189189,1,20285,2,0,4,2,20421,723373,182,122933,37,4764,2016
4.5545027,4.8333333,0,20290,2,1,2,1,21210,2672983,29,586888,6,168407,2016
6.3347939,5,0,20292,2,0,2,0,20200,1794645,135,281816,27,1696,2016
6.2558945,4.9423077,4,20295,2,0,4,2,20424,1369090,257,218848,52,5134,2016
6.2558945,4.9423077,4,20299,2,0,4,2,20424,1369090,257,218848,52,1280,2016
5.7886857,4.9090909,4,20301,2,0,3,2,20324,2679270,162,462846,33,10249,2016
3.9978369,4.8695652,0,20310,2,0,1,0,20100,2733461,112,683735,23,55376,2016
5.9636611,4.3333333,0,20317,2,3,2,0,23200,887190,26,148766,6,23104,2016
4.5545027,4.8333333,0,20319,2,1,2,1,21210,2672983,29,586888,6,52179,2016
5.7886857,4.9090909,4,20323,2,0,3,2,20324,2679270,162,462846,33,17024,2016
6.2558945,4.9423077,4,20331,2,0,4,2,20424,1369090,257,218848,52,3592,2016
6.2558945,4.9423077,4,20337,2,0,4,2,20424,1369090,257,218848,52,7962,2016
5.4038435,4.75,0,20340,2,2,2,1,22210,2160997,38,399900,8,32660,2016
5.8842866,4.9189189,1,20345,2,0,4,2,20421,723373,182,122933,37,4550,2016
5.7886857,4.9090909,4,20348,2,0,3,2,20324,2679270,162,462846,33,40127,2016
6.2558945,4.9423077,4,20354,2,0,4,2,20424,1369090,257,218848,52,9840,2016
6.2558945,4.9423077,4,20358,2,0,4,2,20424,1369090,257,218848,52,1085,2016
3.7968785,4.5555556,0,20366,2,1,1,1,21110,3607456,41,950111,9,232634,2016
4.5545027,4.8333333,0,20368,2,1,2,1,21210,2672983,29,586888,6,76108,2016
6.2558945,4.9423077,4,20371,2,0,4,2,20424,1369090,257,218848,52,1991,2016
6.2558945,4.9423077,4,20372,2,0,4,2,20424,1369090,257,218848,52,6008,2016
6.2335559,5,4,20374,2,3,3,2,23324,877560,40,140780,8,8048,2016
3.9978369,4.8695652,0,20380,2,0,1,0,20100,2733461,112,683735,23,11253,2016
5.7886857,4.9090909,4,20381,2,0,3,2,20324,2679270,162,462846,33,15337,2016
6.2558945,4.9423077,4,20387,2,0,4,2,20424,1369090,257,218848,52,9315,2016
5.7886857,4.9090909,4,20391,2,0,3,2,20324,2679270,162,462846,33,4010,2016
5.8842866,4.9189189,1,20395,2,0,4,2,20421,723373,182,122933,37,8266,2016
5.7886857,4.9090909,4,20397,2,0,3,2,20324,2679270,162,462846,33,16513,2016
3.9978369,4.8695652,0,20398,2,0,1,0,20100,2733461,112,683735,23,32266,2016
3.7968785,4.5555556,0,20400,2,1,1,1,21110,3607456,41,950111,9,43180,2016
6.3347939,5,0,20402,2,0,2,0,20200,1794645,135,281816,27,2137,2016
6.3347939,5,0,20416,2,0,2,0,20200,1794645,135,281816,27,26400,2016
6.3347939,5,0,20417,2,0,2,0,20200,1794645,135,281816,27,2255,2016
5.6420023,4.875,0,20420,2,0,2,1,20210,1395459,39,247334,8,32274,2016
6.3347939,5,0,20424,2,0,2,0,20200,1794645,135,281816,27,10425,2016
5.8842866,4.9189189,1,20426,2,0,4,2,20421,723373,182,122933,37,308,2016
5.7886857,4.9090909,4,20427,2,0,3,2,20324,2679270,162,462846,33,13318,2016
6.2558945,4.9423077,4,20429,2,0,4,2,20424,1369090,257,218848,52,2764,2016
6.2558945,4.9423077,4,20435,2,0,4,2,20424,1369090,257,218848,52,4932,2016
5.6420023,4.875,0,20445,2,0,2,1,20210,1395459,39,247334,8,17727,2016
6.8115817,4.2,0,20459,2,2,2,0,22200,1126983,21,165451,5,36694,2016
6.2335559,5,4,20462,2,3,3,2,23324,877560,40,140780,8,15880,2016
6.2335559,5,4,20469,2,3,3,2,23324,877560,40,140780,8,52112,2016
5.2074336,5,0,20473,2,2,1,0,22100,998114,20,191671,4,32013,2016
6.2558945,4.9423077,4,20474,2,0,4,2,20424,1369090,257,218848,52,4753,2016
5.9636611,4.3333333,0,20483,2,3,2,0,23200,887190,26,148766,6,4803,2016
5.505201,4.25,0,20487,2,3,1,0,23100,619748,17,112575,4,40070,2016
5.505201,4.25,0,20493,2,3,1,0,23100,619748,17,112575,4,12429,2016
4.8408621,4.4,0,20494,2,3,1,1,23110,1172481,22,242205,5,27137,2016
5.8842866,4.9189189,1,20495,2,0,4,2,20421,723373,182,122933,37,4923,2016
6.3347939,5,0,20498,2,0,2,0,20200,1794645,135,281816,27,24535,2016
3.9978369,4.8695652,0,20514,2,0,1,0,20100,2733461,112,683735,23,35275,2016
6.8115817,4.2,0,20515,2,2,2,0,22200,1126983,21,165451,5,36387,2016
5.7886857,4.9090909,4,20518,2,0,3,2,20324,2679270,162,462846,33,12366,2016
5.7886857,4.9090909,4,20519,2,0,3,2,20324,2679270,162,462846,33,945,2016
6.3347939,5,0,20520,2,0,2,0,20200,1794645,135,281816,27,3239,2016
6.2558945,4.9423077,4,20522,2,0,4,2,20424,1369090,257,218848,52,1378,2016
4.8408621,4.4,0,20531,2,3,1,1,23110,1172481,22,242205,5,50296,2016
5.8842866,4.9189189,1,20532,2,0,4,2,20421,723373,182,122933,37,425,2016
6.3347939,5,0,20545,2,0,2,0,20200,1794645,135,281816,27,7638,2016
5.4038435,4.75,0,20551,2,2,2,1,22210,2160997,38,399900,8,49051,2016
3.9978369,4.8695652,0,20557,2,0,1,0,20100,2733461,112,683735,23,27312,2016
6.2558945,4.9423077,4,20558,2,0,4,2,20424,1369090,257,218848,52,199,2016
3.9978369,4.8695652,0,20560,2,0,1,0,20100,2733461,112,683735,23,8628,2016
5.7886857,4.9090909,4,20570,2,0,3,2,20324,2679270,162,462846,33,7698,2016
8.6490514,4,0,20572,2,2,9,2,22920,403928,12,46702,3,11448,2016
5.4038435,4.75,0,20574,2,2,2,1,22210,2160997,38,399900,8,53775,2016
5.8842866,4.9189189,1,20583,2,0,4,2,20421,723373,182,122933,37,2884,2016
6.2558945,4.9423077,4,20589,2,0,4,2,20424,1369090,257,218848,52,1029,2016
5.8842866,4.9189189,1,20598,2,0,4,2,20421,723373,182,122933,37,1115,2016
3.9978369,4.8695652,0,20599,2,0,1,0,20100,2733461,112,683735,23,83078,2016
6.3347939,5,0,20610,2,0,2,0,20200,1794645,135,281816,27,1172,2016
6.2558945,4.9423077,4,20621,2,0,4,2,20424,1369090,257,218848,52,538,2016
6.0680482,5,0,20631,2,3,2,1,23210,1063207,25,175214,5,29767,2016
5.7886857,4.9090909,4,20632,2,0,3,2,20324,2679270,162,462846,33,17623,2016
5.7886857,4.9090909,4,20633,2,0,3,2,20324,2679270,162,462846,33,10334,2016
3.7968785,4.5555556,0,20635,2,1,1,1,21110,3607456,41,950111,9,76458,2016
5.8842866,4.9189189,1,20637,2,0,4,2,20421,723373,182,122933,37,656,2016
4.4848481,5,0,20639,2,0,1,1,20110,3400367,80,758190,16,41240,2016
3.9978369,4.8695652,0,20641,2,0,1,0,20100,2733461,112,683735,23,84397,2016
6.3347939,5,0,20644,2,0,2,0,20200,1794645,135,281816,27,10161,2016
6.0680482,5,0,20660,2,3,2,1,23210,1063207,25,175214,5,38541,2016
6.2558945,4.9423077,4,20665,2,0,4,2,20424,1369090,257,218848,52,1587,2016
5.8842866,4.9189189,1,20667,2,0,4,2,20421,723373,182,122933,37,2818,2016
4.3335768,4.9,1,20668,2,0,3,2,20321,628802,49,145100,10,10375,2016
5.6420023,4.875,0,20671,2,0,2,1,20210,1395459,39,247334,8,77386,2016
5.8842866,4.9189189,1,20672,2,0,4,2,20421,723373,182,122933,37,15546,2016
5.8842866,4.9189189,1,20680,2,0,4,2,20421,723373,182,122933,37,4990,2016
5.7886857,4.9090909,4,20682,2,0,3,2,20324,2679270,162,462846,33,20878,2016
5.8842866,4.9189189,1,20689,2,0,4,2,20421,723373,182,122933,37,7710,2016
5.4038435,4.75,0,20690,2,2,2,1,22210,2160997,38,399900,8,27684,2016
4.4848481,5,0,20694,2,0,1,1,20110,3400367,80,758190,16,25436,2016
8.6490514,4,0,20709,2,2,9,2,22920,403928,12,46702,3,21203,2016
5.7886857,4.9090909,4,20715,2,0,3,2,20324,2679270,162,462846,33,1796,2016
6.2335559,5,4,20716,2,3,3,2,23324,877560,40,140780,8,13056,2016
4.3335768,4.9,1,20721,2,0,3,2,20321,628802,49,145100,10,31993,2016
4.3335768,4.9,1,20723,2,0,3,2,20321,628802,49,145100,10,7209,2016
6.2558945,4.9423077,4,20741,2,0,4,2,20424,1369090,257,218848,52,3469,2016
3.9978369,4.8695652,0,20744,2,0,1,0,20100,2733461,112,683735,23,35329,2016
5.505201,4.25,0,20746,2,3,1,0,23100,619748,17,112575,4,27431,2016
4.4848481,5,0,20751,2,0,1,1,20110,3400367,80,758190,16,11146,2016
5.8842866,4.9189189,1,20752,2,0,4,2,20421,723373,182,122933,37,2906,2016
3.9978369,4.8695652,0,20761,2,0,1,0,20100,2733461,112,683735,23,14517,2016
6.3347939,5,0,20762,2,0,2,0,20200,1794645,135,281816,27,21196,2016
5.7886857,4.9090909,4,20780,2,0,3,2,20324,2679270,162,462846,33,4024,2016
14.5065807,4.3333333,4,20783,2,3,4,2,23424,159819,13,11017,3,634,2016
6.3347939,5,0,20785,2,0,2,0,20200,1794645,135,281816,27,1490,2016
6.2558945,4.9423077,4,20786,2,0,4,2,20424,1369090,257,218848,52,6939,2016
6.2558945,4.9423077,4,20787,2,0,4,2,20424,1369090,257,218848,52,6233,2016
6.3347939,5,0,20792,2,0,2,0,20200,1794645,135,281816,27,2919,2016
6.3347939,5,0,20801,2,0,2,0,20200,1794645,135,281816,27,29929,2016
4.4523191,3,1,20810,2,3,3,2,23321,118169,6,26541,2,14928,2016
5.9636611,4.3333333,0,20813,2,3,2,0,23200,887190,26,148766,6,24912,2016
6.2335559,5,4,20821,2,3,3,2,23324,877560,40,140780,8,15421,2016
5.7886857,4.9090909,4,20828,2,0,3,2,20324,2679270,162,462846,33,21502,2016
4.3335768,4.9,1,20829,2,0,3,2,20321,628802,49,145100,10,3258,2016
4.4848481,5,0,20840,2,0,1,1,20110,3400367,80,758190,16,97339,2016
5.7886857,4.9090909,4,20847,2,0,3,2,20324,2679270,162,462846,33,2076,2016
5.7886857,4.9090909,4,20853,2,0,3,2,20324,2679270,162,462846,33,746,2016
5.8842866,4.9189189,1,20854,2,0,4,2,20421,723373,182,122933,37,11645,2016
4.3335768,4.9,1,20860,2,0,3,2,20321,628802,49,145100,10,7406,2016
6.2558945,4.9423077,4,20863,2,0,4,2,20424,1369090,257,218848,52,426,2016
5.8842866,4.9189189,1,20864,2,0,4,2,20421,723373,182,122933,37,231,2016
6.2558945,4.9423077,4,20866,2,0,4,2,20424,1369090,257,218848,52,2678,2016
5.8842866,4.9189189,1,20878,2,0,4,2,20421,723373,182,122933,37,974,2016
4.8408621,4.4,0,20881,2,3,1,1,23110,1172481,22,242205,5,20681,2016
5.7886857,4.9090909,4,20885,2,0,3,2,20324,2679270,162,462846,33,20987,2016
4.4848481,5,0,20888,2,0,1,1,20110,3400367,80,758190,16,154061,2016
3.7968785,4.5555556,0,20889,2,1,1,1,21110,3607456,41,950111,9,126670,2016
5.8842866,4.9189189,1,20897,2,0,4,2,20421,723373,182,122933,37,2289,2016
6.2558945,4.9423077,4,20899,2,0,4,2,20424,1369090,257,218848,52,751,2016
5.8842866,4.9189189,1,20909,2,0,4,2,20421,723373,182,122933,37,2479,2016
6.2558945,4.9423077,4,20910,2,0,4,2,20424,1369090,257,218848,52,9363,2016
1.0100805,1,0,20922,2,1,1,0,21100,103909,2,102872,2,41625,2016
3.9978369,4.8695652,0,20927,2,0,1,0,20100,2733461,112,683735,23,57299,2016
3.9978369,4.8695652,0,20928,2,0,1,0,20100,2733461,112,683735,23,43263,2016
5.4038435,4.75,0,20936,2,2,2,1,22210,2160997,38,399900,8,50223,2016
3.9978369,4.8695652,0,20939,2,0,1,0,20100,2733461,112,683735,23,2036,2016
6.2558945,4.9423077,4,20947,2,0,4,2,20424,1369090,257,218848,52,6740,2016
5.2074336,5,0,20950,2,2,1,0,22100,998114,20,191671,4,35366,2016
5.9636611,4.3333333,0,20954,2,3,2,0,23200,887190,26,148766,6,32612,2016
4.4848481,5,0,20964,2,0,1,1,20110,3400367,80,758190,16,34177,2016
6.8115817,4.2,0,20966,2,2,2,0,22200,1126983,21,165451,5,29134,2016
5.8842866,4.9189189,1,20969,2,0,4,2,20421,723373,182,122933,37,2307,2016
3.9978369,4.8695652,0,20975,2,0,1,0,20100,2733461,112,683735,23,22013,2016
4.0289812,4.4285714,0,20983,2,2,1,1,22110,2242398,31,556567,7,29784,2016
5.4038435,4.75,0,20986,2,2,2,1,22210,2160997,38,399900,8,119083,2016
4.4848481,5,0,20990,2,0,1,1,20110,3400367,80,758190,16,52472,2016
5.8842866,4.9189189,1,20994,2,0,4,2,20421,723373,182,122933,37,4695,2016
3.9978369,4.8695652,0,21007,2,0,1,0,20100,2733461,112,683735,23,46116,2016
3.9978369,4.8695652,0,21008,2,0,1,0,20100,2733461,112,683735,23,33202,2016
5.2074336,5,0,21010,2,2,1,0,22100,998114,20,191671,4,64924,2016
4.4848481,5,0,21012,2,0,1,1,20110,3400367,80,758190,16,24384,2016
5.8842866,4.9189189,1,21018,2,0,4,2,20421,723373,182,122933,37,6671,2016
3.7968785,4.5555556,0,21022,2,1,1,1,21110,3607456,41,950111,9,59817,2016
5.7886857,4.9090909,4,21036,2,0,3,2,20324,2679270,162,462846,33,20532,2016
5.8842866,4.9189189,1,21038,2,0,4,2,20421,723373,182,122933,37,1437,2016
6.2558945,4.9423077,4,21046,2,0,4,2,20424,1369090,257,218848,52,4480,2016
6.3347939,5,0,21047,2,0,2,0,20200,1794645,135,281816,27,12091,2016
6.3347939,5,0,21049,2,0,2,0,20200,1794645,135,281816,27,9341,2016
8.6490514,4,0,21057,2,2,9,2,22920,403928,12,46702,3,14051,2016
5.7886857,4.9090909,4,21060,2,0,3,2,20324,2679270,162,462846,33,17134,2016
5.7886857,4.9090909,4,21064,2,0,3,2,20324,2679270,162,462846,33,10888,2016
4.4848481,5,0,21070,2,0,1,1,20110,3400367,80,758190,16,51539,2016
5.6420023,4.875,0,21073,2,0,2,1,20210,1395459,39,247334,8,10467,2016
3.9978369,4.8695652,0,21075,2,0,1,0,20100,2733461,112,683735,23,6727,2016
4.4848481,5,0,21076,2,0,1,1,20110,3400367,80,758190,16,37440,2016
5.2074336,5,0,21079,2,2,1,0,22100,998114,20,191671,4,59368,2016
1.0100805,1,0,21080,2,1,1,0,21100,103909,2,102872,2,61247,2016
5.6420023,4.875,0,21083,2,0,2,1,20210,1395459,39,247334,8,29950,2016
5.4038435,4.75,0,21086,2,2,2,1,22210,2160997,38,399900,8,29113,2016
6.8115817,4.2,0,21088,2,2,2,0,22200,1126983,21,165451,5,28887,2016
4.0289812,4.4285714,0,21090,2,2,1,1,22110,2242398,31,556567,7,47203,2016
5.6420023,4.875,0,21109,2,0,2,1,20210,1395459,39,247334,8,36527,2016
4.4848481,5,0,21113,2,0,1,1,20110,3400367,80,758190,16,66064,2016
4.5545027,4.8333333,0,21117,2,1,2,1,21210,2672983,29,586888,6,80334,2016
3.7968785,4.5555556,0,21118,2,1,1,1,21110,3607456,41,950111,9,104599,2016
6.2335559,5,4,21128,2,3,3,2,23324,877560,40,140780,8,23593,2016
4.3335768,4.9,1,21130,2,0,3,2,20321,628802,49,145100,10,14424,2016
5.7886857,4.9090909,4,21131,2,0,3,2,20324,2679270,162,462846,33,36266,2016
6.2558945,4.9423077,4,21133,2,0,4,2,20424,1369090,257,218848,52,8202,2016
4.0289812,4.4285714,0,21134,2,2,1,1,22110,2242398,31,556567,7,70122,2016
5.7886857,4.9090909,4,21137,2,0,3,2,20324,2679270,162,462846,33,8611,2016
5.7886857,4.9090909,4,21143,2,0,3,2,20324,2679270,162,462846,33,19932,2016
8.4463919,5,0,21150,2,0,2,0,20200,1794645,135,281816,27,4451,2016
6.2558945,4.9423077,4,21153,2,0,4,2,20424,1369090,257,218848,52,1515,2016
6.3347939,5,0,21161,2,0,2,0,20200,1794645,135,281816,27,5557,2016
4.4848481,5,0,21165,2,0,1,1,20110,3400367,80,758190,16,39412,2016
3.9978369,4.8695652,0,21167,2,0,1,0,20100,2733461,112,683735,23,6523,2016
4.0289812,4.4285714,0,21173,2,2,1,1,22110,2242398,31,556567,7,57218,2016
6.2558945,4.9423077,4,21179,2,0,4,2,20424,1369090,257,218848,52,518,2016
5.7886857,4.9090909,4,21180,2,0,3,2,20324,2679270,162,462846,33,11840,2016
6.2558945,4.9423077,4,21181,2,0,4,2,20424,1369090,257,218848,52,426,2016
6.2558945,4.9423077,4,21183,2,0,4,2,20424,1369090,257,218848,52,956,2016
4.8408621,4.4,0,21190,2,3,1,1,23110,1172481,22,242205,5,45557,2016
6.0680482,5,0,21193,2,3,2,1,23210,1063207,25,175214,5,33295,2016
4.4848481,5,0,21195,2,0,1,1,20110,3400367,80,758190,16,40596,2016
3.7968785,4.5555556,0,21203,2,1,1,1,21110,3607456,41,950111,9,70348,2016
6.2335559,5,4,21206,2,3,3,2,23324,877560,40,140780,8,7695,2016
6.2558945,4.9423077,4,21214,2,0,4,2,20424,1369090,257,218848,52,9654,2016
5.8842866,4.9189189,1,21215,2,0,4,2,20421,723373,182,122933,37,1496,2016
5.7886857,4.9090909,4,21217,2,0,3,2,20324,2679270,162,462846,33,12535,2016
5.6420023,4.875,0,21218,2,0,2,1,20210,1395459,39,247334,8,5944,2016
5.8842866,4.9189189,1,21219,2,0,4,2,20421,723373,182,122933,37,416,2016
6.5483355,4.9333333,3,30001,3,0,4,2,30423,732320,74,111833,15,8694,2016
4.4794812,4.8,2,30004,3,0,3,2,30322,2407645,96,537483,20,36965,2016
6.5483355,4.9333333,3,30009,3,0,4,2,30423,732320,74,111833,15,4794,2016
4.9487229,4.8,3,30015,3,0,2,0,30203,2440014,96,492469,20,23348,2016
4.8899973,4.8666667,0,30016,3,0,2,1,30210,3041593,73,622003,15,101251,2016
4.825788,4.7,0,30018,3,1,1,1,31110,5404207,47,1119860,10,120572,2016
4.1691002,4.5714286,0,30020,3,1,2,1,31210,2724507,32,653500,7,70068,2016
3.608189,4.8333333,1,30024,3,0,2,0,30201,1085235,58,300770,12,17707,2016
4.3838265,4.9705882,2,30025,3,0,4,2,30422,1806439,169,409830,34,13092,2016
4.4794812,4.8,2,30026,3,0,3,2,30322,2407645,96,537483,20,54018,2016
4.5659064,4.8888889,0,30030,3,2,2,1,32210,3883970,44,850646,9,97178,2016
4.0214004,4.9642857,3,30031,3,0,1,0,30103,2422942,139,602512,28,53588,2016
4.0214004,4.9642857,3,30032,3,0,1,0,30103,2422942,139,602512,28,20037,2016
4.9487229,4.8,3,30037,3,0,2,0,30203,2440014,96,492469,20,35366,2016
5.2521956,4.9583333,2,30038,3,0,2,0,30202,3691096,119,702772,24,7704,2016
4.8899973,4.8666667,0,30039,3,0,2,1,30210,3041593,73,622003,15,55967,2016
5.2521956,4.9583333,2,30044,3,0,2,0,30202,3691096,119,702772,24,30775,2016
4.5659064,4.8888889,0,30045,3,2,2,1,32210,3883970,44,850646,9,105845,2016
5.2521956,4.9583333,2,30048,3,0,2,0,30202,3691096,119,702772,24,111588,2016
4.1691002,4.5714286,0,30049,3,1,2,1,31210,2724507,32,653500,7,79978,2016
4.6310267,4.9705882,1,30055,3,0,4,2,30421,957261,169,206701,34,15155,2016
5.1697252,4.8181818,3,30057,3,0,3,2,30323,1173326,53,226961,11,16185,2016
3.608189,4.8333333,1,30061,3,0,2,0,30201,1085235,58,300770,12,18960,2016
4.9487229,4.8,3,30064,3,0,2,0,30203,2440014,96,492469,20,26898,2016
4.1691002,4.5714286,0,30073,3,1,2,1,31210,2724507,32,653500,7,117054,2016
4.193385,5,0,30075,3,2,1,1,32110,2089027,25,498172,5,89609,2016
4.0214004,4.9642857,3,30076,3,0,1,0,30103,2422942,139,602512,28,38675,2016
4.4794812,4.8,2,30080,3,0,3,2,30322,2407645,96,537483,20,34788,2016
3.83243,4.8709677,0,30081,3,0,1,1,30110,8210299,151,2142322,31,574836,2016
4.0214004,4.9642857,3,30092,3,0,1,0,30103,2422942,139,602512,28,51395,2016
3.83243,4.8709677,0,30096,3,0,1,1,30110,8210299,151,2142322,31,36524,2016
4.6310267,4.9705882,1,30097,3,0,4,2,30421,957261,169,206701,34,9467,2016
5.1223626,5,0,30101,3,3,2,1,33210,2198600,40,429216,8,7256,2016
4.6310267,4.9705882,1,30103,3,0,4,2,30421,957261,169,206701,34,5798,2016
4.8899973,4.8666667,0,30108,3,0,2,1,30210,3041593,73,622003,15,46008,2016
2.1495043,1.5,2,30110,3,2,9,2,32922,178871,3,83215,2,32386,2016
4.0214004,4.9642857,3,30112,3,0,1,0,30103,2422942,139,602512,28,58251,2016
4.5308655,4.6666667,1,30122,3,0,1,0,30101,1016400,28,224328,6,25102,2016
3.608189,4.8333333,1,30125,3,0,2,0,30201,1085235,58,300770,12,17704,2016
6.5483355,4.9333333,3,30126,3,0,4,2,30423,732320,74,111833,15,7311,2016
5.1465347,4.8461538,1,30128,3,0,3,2,30321,1135341,63,220603,13,19431,2016
4.8899973,4.8666667,0,30130,3,0,2,1,30210,3041593,73,622003,15,102257,2016
3.231758,4,0,30131,3,8,1,0,38100,419870,8,129920,2,63057,2016
5.1537657,5,2,30136,3,0,1,0,30102,3804649,105,738227,21,63988,2016
4.0214004,4.9642857,3,30139,3,0,1,0,30103,2422942,139,602512,28,50301,2016
5.2521956,4.9583333,2,30142,3,0,2,0,30202,3691096,119,702772,24,28735,2016
4.0214004,4.9642857,3,30148,3,0,1,0,30103,2422942,139,602512,28,14364,2016
4.6310267,4.9705882,1,30155,3,0,4,2,30421,957261,169,206701,34,9728,2016
4.3838265,4.9705882,2,30157,3,0,4,2,30422,1806439,169,409830,34,8871,2016
3.83243,4.8709677,0,30165,3,0,1,1,30110,8210299,151,2142322,31,42538,2016
6.5483355,4.9333333,3,30167,3,0,4,2,30423,732320,74,111833,15,10497,2016
5.1537657,5,2,30168,3,0,1,0,30102,3804649,105,738227,21,59206,2016
4.9487229,4.8,3,30170,3,0,2,0,30203,2440014,96,492469,20,63149,2016
4.5659064,4.8888889,0,30173,3,2,2,1,32210,3883970,44,850646,9,162647,2016
4.193385,5,0,30175,3,2,1,1,32110,2089027,25,498172,5,67869,2016
4.4794812,4.8,2,30179,3,0,3,2,30322,2407645,96,537483,20,14337,2016
5.2521956,4.9583333,2,30186,3,0,2,0,30202,3691096,119,702772,24,30558,2016
4.193385,5,0,30192,3,2,1,1,32110,2089027,25,498172,5,49548,2016
4.9487229,4.8,3,30193,3,0,2,0,30203,2440014,96,492469,20,81514,2016
3.83243,4.8709677,0,30198,3,0,1,1,30110,8210299,151,2142322,31,57615,2016
5.2521956,4.9583333,2,30200,3,0,2,0,30202,3691096,119,702772,24,28802,2016
4.5308655,4.6666667,1,30201,3,0,1,0,30101,1016400,28,224328,6,41523,2016
5.1465347,4.8461538,1,30209,3,0,3,2,30321,1135341,63,220603,13,15578,2016
3.608189,4.8333333,1,30219,3,0,2,0,30201,1085235,58,300770,12,64762,2016
3.83243,4.8709677,0,30225,3,0,1,1,30110,8210299,151,2142322,31,38328,2016
4.3838265,4.9705882,2,30240,3,0,4,2,30422,1806439,169,409830,34,4400,2016
5.2521956,4.9583333,2,30247,3,0,2,0,30202,3691096,119,702772,24,48072,2016
4.9487229,4.8,3,30250,3,0,2,0,30203,2440014,96,492469,20,27692,2016
3.608189,4.8333333,1,30254,3,0,2,0,30201,1085235,58,300770,12,21855,2016
3.83243,4.8709677,0,30268,3,0,1,1,30110,8210299,151,2142322,31,74937,2016
5.1465347,4.8461538,1,30269,3,0,3,2,30321,1135341,63,220603,13,16639,2016
3.8138521,5,0,30274,3,3,9,2,33920,1646726,60,431775,12,62923,2016
4.3838265,4.9705882,2,30277,3,0,4,2,30422,1806439,169,409830,34,16554,2016
3.83243,4.8709677,0,30280,3,0,1,1,30110,8210299,151,2142322,31,23224,2016
5.2521956,4.9583333,2,30281,3,0,2,0,30202,3691096,119,702772,24,7188,2016
4.825788,4.7,0,30285,3,1,1,1,31110,5404207,47,1119860,10,204573,2016
4.4794812,4.8,2,30292,3,0,3,2,30322,2407645,96,537483,20,33595,2016
5.2521956,4.9583333,2,30294,3,0,2,0,30202,3691096,119,702772,24,47436,2016
4.6310267,4.9705882,1,30302,3,0,4,2,30421,957261,169,206701,34,1047,2016
4.9487229,4.8,3,30315,3,0,2,0,30203,2440014,96,492469,20,22906,2016
5.1537657,5,2,30325,3,0,1,0,30102,3804649,105,738227,21,28546,2016
4.5659064,4.8888889,0,30337,3,2,2,1,32210,3883970,44,850646,9,70132,2016
4.6310267,4.9705882,1,30339,3,0,4,2,30421,957261,169,206701,34,3802,2016
3.8570834,3.5,1,30352,3,3,2,0,33201,333738,7,86526,2,53404,2016
4.3838265,4.9705882,2,30353,3,0,4,2,30422,1806439,169,409830,34,11215,2016
4.9369627,4.4,3,30354,3,3,2,0,33203,858523,22,173897,5,41474,2016
4.6310267,4.9705882,1,30360,3,0,4,2,30421,957261,169,206701,34,5162,2016
4.3838265,4.9705882,2,30361,3,0,4,2,30422,1806439,169,409830,34,14019,2016
4.9487229,4.8,3,30364,3,0,2,0,30203,2440014,96,492469,20,26914,2016
4.8899973,4.8666667,0,30366,3,0,2,1,30210,3041593,73,622003,15,45313,2016
3.83243,4.8709677,0,30370,3,0,1,1,30110,8210299,151,2142322,31,37104,2016
4.6310267,4.9705882,1,30371,3,0,4,2,30421,957261,169,206701,34,4836,2016
5.1465347,4.8461538,1,30372,3,0,3,2,30321,1135341,63,220603,13,24602,2016
5.2521956,4.9583333,2,30373,3,0,2,0,30202,3691096,119,702772,24,54269,2016
4.9487229,4.8,3,30380,3,0,2,0,30203,2440014,96,492469,20,10465,2016
5.1697252,4.8181818,3,30385,3,0,3,2,30323,1173326,53,226961,11,21392,2016
3.83243,4.8709677,0,30387,3,0,1,1,30110,8210299,151,2142322,31,61702,2016
4.4794812,4.8,2,30388,3,0,3,2,30322,2407645,96,537483,20,28558,2016
4.9487229,4.8,3,30391,3,0,2,0,30203,2440014,96,492469,20,42978,2016
4.193385,5,0,30392,3,2,1,1,32110,2089027,25,498172,5,139327,2016
3.83243,4.8709677,0,30395,3,0,1,1,30110,8210299,151,2142322,31,87807,2016
5.1537657,5,2,30401,3,0,1,0,30102,3804649,105,738227,21,57570,2016
4.3399972,4.75,2,30402,3,3,2,0,33202,782610,19,180325,4,36238,2016
3.83243,4.8709677,0,30403,3,0,1,1,30110,8210299,151,2142322,31,57727,2016
4.6310267,4.9705882,1,30406,3,0,4,2,30421,957261,169,206701,34,8166,2016
4.5659064,4.8888889,0,30410,3,2,2,1,32210,3883970,44,850646,9,98666,2016
5.1223626,5,0,30415,3,3,2,1,33210,2198600,40,429216,8,92814,2016
4.0214004,4.9642857,3,30419,3,0,1,0,30103,2422942,139,602512,28,18429,2016
5.1537657,5,2,30421,3,0,1,0,30102,3804649,105,738227,21,44910,2016
5.1697252,4.8181818,3,30422,3,0,3,2,30323,1173326,53,226961,11,26010,2016
3.83243,4.8709677,0,30425,3,0,1,1,30110,8210299,151,2142322,31,98794,2016
4.8899973,4.8666667,0,30430,3,0,2,1,30210,3041593,73,622003,15,24772,2016
3.83243,4.8709677,0,30433,3,0,1,1,30110,8210299,151,2142322,31,73186,2016
5.1537657,5,2,30442,3,0,1,0,30102,3804649,105,738227,21,17677,2016
3.83243,4.8709677,0,30445,3,0,1,1,30110,8210299,151,2142322,31,71917,2016
5.1537657,5,2,30447,3,0,1,0,30102,3804649,105,738227,21,26569,2016
4.825788,4.7,0,30448,3,1,1,1,31110,5404207,47,1119860,10,134197,2016
3.8138521,5,0,30465,3,3,9,2,33920,1646726,60,431775,12,44306,2016
5.2521956,4.9583333,2,30467,3,0,2,0,30202,3691096,119,702772,24,16009,2016
3.83243,4.8709677,0,30469,3,0,1,1,30110,8210299,151,2142322,31,101766,2016
3.608189,4.8333333,1,30471,3,0,2,0,30201,1085235,58,300770,12,5299,2016
5.1537657,5,2,30473,3,0,1,0,30102,3804649,105,738227,21,35527,2016
4.0214004,4.9642857,3,30481,3,0,1,0,30103,2422942,139,602512,28,23519,2016
5.1537657,5,2,30484,3,0,1,0,30102,3804649,105,738227,21,66571,2016
5.2521956,4.9583333,2,30485,3,0,2,0,30202,3691096,119,702772,24,51265,2016
5.1223626,5,0,30488,3,3,2,1,33210,2198600,40,429216,8,74879,2016
6.6518735,5,0,30495,3,2,2,0,32200,568070,10,85400,2,46491,2016
4.825788,4.7,0,30497,3,1,1,1,31110,5404207,47,1119860,10,78699,2016
5.1537657,5,2,30498,3,0,1,0,30102,3804649,105,738227,21,8207,2016
5.2521956,4.9583333,2,30506,3,0,2,0,30202,3691096,119,702772,24,61350,2016
5.1537657,5,2,30512,3,0,1,0,30102,3804649,105,738227,21,32259,2016
4.825788,4.7,0,30517,3,1,1,1,31110,5404207,47,1119860,10,123040,2016
3.83243,4.8709677,0,30521,3,0,1,1,30110,8210299,151,2142322,31,27625,2016
5.2521956,4.9583333,2,30527,3,0,2,0,30202,3691096,119,702772,24,5447,2016
5.1537657,5,2,30541,3,0,1,0,30102,3804649,105,738227,21,24982,2016
5.1537657,5,2,30544,3,0,1,0,30102,3804649,105,738227,21,56740,2016
5.1465347,4.8461538,1,30548,3,0,3,2,30321,1135341,63,220603,13,33261,2016
4.1691002,4.5714286,0,30559,3,1,2,1,31210,2724507,32,653500,7,120014,2016
4.3838265,4.9705882,2,30560,3,0,4,2,30422,1806439,169,409830,34,16839,2016
4.9487229,4.8,3,30561,3,0,2,0,30203,2440014,96,492469,20,3930,2016
4.6310267,4.9705882,1,30566,3,0,4,2,30421,957261,169,206701,34,5802,2016
4.6310267,4.9705882,1,30572,3,0,4,2,30421,957261,169,206701,34,31784,2016
5.2521956,4.9583333,2,30573,3,0,2,0,30202,3691096,119,702772,24,24853,2016
5.2521956,4.9583333,2,30576,3,0,2,0,30202,3691096,119,702772,24,16236,2016
5.1465347,4.8461538,1,30577,3,0,3,2,30321,1135341,63,220603,13,23208,2016
5.1697252,4.8181818,3,30579,3,0,3,2,30323,1173326,53,226961,11,28529,2016
4.4794812,4.8,2,30581,3,0,3,2,30322,2407645,96,537483,20,15701,2016
5.2521956,4.9583333,2,30582,3,0,2,0,30202,3691096,119,702772,24,40463,2016
4.3838265,4.9705882,2,30584,3,0,4,2,30422,1806439,169,409830,34,10212,2016
4.3838265,4.9705882,2,30585,3,0,4,2,30422,1806439,169,409830,34,22619,2016
4.3838265,4.9705882,2,30591,3,0,4,2,30422,1806439,169,409830,34,6291,2016
4.0214004,4.9642857,3,30593,3,0,1,0,30103,2422942,139,602512,28,27425,2016
5.1697252,4.8181818,3,30595,3,0,3,2,30323,1173326,53,226961,11,33722,2016
6.5483355,4.9333333,3,30596,3,0,4,2,30423,732320,74,111833,15,9896,2016
4.4794812,4.8,2,30598,3,0,3,2,30322,2407645,96,537483,20,82322,2016
4.4794812,4.8,2,30599,3,0,3,2,30322,2407645,96,537483,20,28730,2016
3.608189,4.8333333,1,30605,3,0,2,0,30201,1085235,58,300770,12,58341,2016
3.608189,4.8333333,1,30607,3,0,2,0,30201,1085235,58,300770,12,68350,2016
4.8899973,4.8666667,0,30610,3,0,2,1,30210,3041593,73,622003,15,24495,2016
6.5483355,4.9333333,3,30627,3,0,4,2,30423,732320,74,111833,15,17631,2016
4.5308655,4.6666667,1,30628,3,0,1,0,30101,1016400,28,224328,6,98570,2016
4.3838265,4.9705882,2,30631,3,0,4,2,30422,1806439,169,409830,34,14200,2016
4.8899973,4.8666667,0,30632,3,0,2,1,30210,3041593,73,622003,15,32151,2016
5.1697252,4.8181818,3,30640,3,0,3,2,30323,1173326,53,226961,11,42316,2016
4.9487229,4.8,3,30643,3,0,2,0,30203,2440014,96,492469,20,24912,2016
3.83243,4.8709677,0,30644,3,0,1,1,30110,8210299,151,2142322,31,75499,2016
3.83243,4.8709677,0,30645,3,0,1,1,30110,8210299,151,2142322,31,45957,2016
4.3838265,4.9705882,2,30647,3,0,4,2,30422,1806439,169,409830,34,21512,2016
5.2521956,4.9583333,2,30653,3,0,2,0,30202,3691096,119,702772,24,35592,2016
4.4794812,4.8,2,30662,3,0,3,2,30322,2407645,96,537483,20,31136,2016
4.3838265,4.9705882,2,30663,3,0,4,2,30422,1806439,169,409830,34,8566,2016
4.3838265,4.9705882,2,30664,3,0,4,2,30422,1806439,169,409830,34,30232,2016
3.8138521,5,0,30673,3,3,9,2,33920,1646726,60,431775,12,40081,2016
4.3838265,4.9705882,2,30674,3,0,4,2,30422,1806439,169,409830,34,7623,2016
5.2521956,4.9583333,2,30675,3,0,2,0,30202,3691096,119,702772,24,8323,2016
4.3838265,4.9705882,2,30677,3,0,4,2,30422,1806439,169,409830,34,8513,2016
3.83243,4.8709677,0,30680,3,0,1,1,30110,8210299,151,2142322,31,109956,2016
4.8899973,4.8666667,0,30682,3,0,2,1,30210,3041593,73,622003,15,40550,2016
3.83243,4.8709677,0,30689,3,0,1,1,30110,8210299,151,2142322,31,59554,2016
4.1691002,4.5714286,0,30696,3,1,2,1,31210,2724507,32,653500,7,107470,2016
6.5483355,4.9333333,3,30700,3,0,4,2,30423,732320,74,111833,15,13894,2016
4.6310267,4.9705882,1,30708,3,0,4,2,30421,957261,169,206701,34,5946,2016
5.1537657,5,2,30710,3,0,1,0,30102,3804649,105,738227,21,33890,2016
5.1697252,4.8181818,3,30712,3,0,3,2,30323,1173326,53,226961,11,10786,2016
4.3838265,4.9705882,2,30727,3,0,4,2,30422,1806439,169,409830,34,8865,2016
4.3838265,4.9705882,2,30729,3,0,4,2,30422,1806439,169,409830,34,12997,2016
4.4794812,4.8,2,30731,3,0,3,2,30322,2407645,96,537483,20,20210,2016
2.1495043,1.5,2,30734,3,2,9,2,32922,178871,3,83215,2,50829,2016
5.1537657,5,2,30737,3,0,1,0,30102,3804649,105,738227,21,61349,2016
5.2521956,4.9583333,2,30739,3,0,2,0,30202,3691096,119,702772,24,22740,2016
4.4794812,4.8,2,30742,3,0,3,2,30322,2407645,96,537483,20,18760,2016
2.775773,4.3333333,0,30743,3,3,1,1,33110,2184897,26,787131,6,122318,2016
4.4794812,4.8,2,30746,3,0,3,2,30322,2407645,96,537483,20,36368,2016
3.5543671,4.5,0,30748,3,3,1,0,33100,898576,18,252809,4,110838,2016
4.3399972,4.75,2,30756,3,3,2,0,33202,782610,19,180325,4,45751,2016
5.1223626,5,0,30759,3,3,2,1,33210,2198600,40,429216,8,42307,2016
4.8899973,4.8666667,0,30761,3,0,2,1,30210,3041593,73,622003,15,37499,2016
3.8138521,5,0,30764,3,3,9,2,33920,1646726,60,431775,12,44746,2016
4.9487229,4.8,3,30768,3,0,2,0,30203,2440014,96,492469,20,3860,2016
4.4794812,4.8,2,30772,3,0,3,2,30322,2407645,96,537483,20,11620,2016
4.6310267,4.9705882,1,30773,3,0,4,2,30421,957261,169,206701,34,4583,2016
3.8138521,5,0,30777,3,3,9,2,33920,1646726,60,431775,12,26456,2016
4.3838265,4.9705882,2,30780,3,0,4,2,30422,1806439,169,409830,34,18461,2016
5.1465347,4.8461538,1,30788,3,0,3,2,30321,1135341,63,220603,13,16147,2016
6.6518735,5,0,30790,3,2,2,0,32200,568070,10,85400,2,38909,2016
3.8138521,5,0,30797,3,3,9,2,33920,1646726,60,431775,12,26694,2016
5.1697252,4.8181818,3,30802,3,0,3,2,30323,1173326,53,226961,11,4808,2016
4.3838265,4.9705882,2,30807,3,0,4,2,30422,1806439,169,409830,34,8198,2016
4.0214004,4.9642857,3,30808,3,0,1,0,30103,2422942,139,602512,28,48880,2016
4.6310267,4.9705882,1,30811,3,0,4,2,30421,957261,169,206701,34,7753,2016
4.3838265,4.9705882,2,30815,3,0,4,2,30422,1806439,169,409830,34,8210,2016
4.3399972,4.75,2,30819,3,3,2,0,33202,782610,19,180325,4,36999,2016
4.3838265,4.9705882,2,30823,3,0,4,2,30422,1806439,169,409830,34,9266,2016
4.3838265,4.9705882,2,30824,3,0,4,2,30422,1806439,169,409830,34,5310,2016
4.9487229,4.8,3,30829,3,0,2,0,30203,2440014,96,492469,20,22919,2016
4.3838265,4.9705882,2,30831,3,0,4,2,30422,1806439,169,409830,34,9449,2016
4.3399972,4.75,2,30836,3,3,2,0,33202,782610,19,180325,4,61337,2016
3.5543671,4.5,0,30837,3,3,1,0,33100,898576,18,252809,4,56785,2016
4.193385,5,0,30839,3,2,1,1,32110,2089027,25,498172,5,151819,2016
3.5543671,4.5,0,30842,3,3,1,0,33100,898576,18,252809,4,39327,2016
4.5308655,4.6666667,1,30846,3,0,1,0,30101,1016400,28,224328,6,6140,2016
5.1697252,4.8181818,3,30851,3,0,3,2,30323,1173326,53,226961,11,25502,2016
4.9487229,4.8,3,30854,3,0,2,0,30203,2440014,96,492469,20,44579,2016
6.5483355,4.9333333,3,30855,3,0,4,2,30423,732320,74,111833,15,825,2016
6.5483355,4.9333333,3,30856,3,0,4,2,30423,732320,74,111833,15,1962,2016
4.3838265,4.9705882,2,30859,3,0,4,2,30422,1806439,169,409830,34,11804,2016
5.1223626,5,0,30860,3,3,2,1,33210,2198600,40,429216,8,40178,2016
4.5659064,4.8888889,0,30863,3,2,2,1,32210,3883970,44,850646,9,68671,2016
4.6310267,4.9705882,1,30867,3,0,4,2,30421,957261,169,206701,34,4467,2016
2.775773,4.3333333,0,30868,3,3,1,1,33110,2184897,26,787131,6,190943,2016
3.5543671,4.5,0,30870,3,3,1,0,33100,898576,18,252809,4,45859,2016
4.5659064,4.8888889,0,30872,3,2,2,1,32210,3883970,44,850646,9,45319,2016
4.5308655,4.6666667,1,30878,3,0,1,0,30101,1016400,28,224328,6,12366,2016
4.8899973,4.8666667,0,30879,3,0,2,1,30210,3041593,73,622003,15,35188,2016
3.8138521,5,0,30880,3,3,9,2,33920,1646726,60,431775,12,19396,2016
5.1537657,5,2,30882,3,0,1,0,30102,3804649,105,738227,21,16396,2016
6.5483355,4.9333333,3,30886,3,0,4,2,30423,732320,74,111833,15,2815,2016
5.1465347,4.8461538,1,30889,3,0,3,2,30321,1135341,63,220603,13,796,2016
4.0214004,4.9642857,3,30890,3,0,1,0,30103,2422942,139,602512,28,3884,2016
4.5308655,4.6666667,1,30896,3,0,1,0,30101,1016400,28,224328,6,40627,2016
5.2521956,4.9583333,2,30898,3,0,2,0,30202,3691096,119,702772,24,2579,2016
5.1223626,5,0,30904,3,3,2,1,33210,2198600,40,429216,8,52052,2016
4.8899973,4.8666667,0,30906,3,0,2,1,30210,3041593,73,622003,15,143,2016
4.8899973,4.8666667,0,30909,3,0,2,1,30210,3041593,73,622003,15,41120,2016
4.0214004,4.9642857,3,30916,3,0,1,0,30103,2422942,139,602512,28,388,2016
3.83243,4.8709677,0,30919,3,0,1,1,30110,8210299,151,2142322,31,17435,2016
4.3838265,4.9705882,2,30922,3,0,4,2,30422,1806439,169,409830,34,23282,2016
4.4794812,4.8,2,30926,3,0,3,2,30322,2407645,96,537483,20,6525,2016
5.1465347,4.8461538,1,30927,3,0,3,2,30321,1135341,63,220603,13,7055,2016
4.1691002,4.5714286,0,30928,3,1,2,1,31210,2724507,32,653500,7,51851,2016
2.775773,4.3333333,0,30931,3,3,1,1,33110,2184897,26,787131,6,276520,2016
4.3838265,4.9705882,2,30932,3,0,4,2,30422,1806439,169,409830,34,5730,2016
4.825788,4.7,0,30936,3,1,1,1,31110,5404207,47,1119860,10,115495,2016
4.3838265,4.9705882,2,30939,3,0,4,2,30422,1806439,169,409830,34,7416,2016
6.5483355,4.9333333,3,30941,3,0,4,2,30423,732320,74,111833,15,968,2016
4.6310267,4.9705882,1,30943,3,0,4,2,30421,957261,169,206701,34,3251,2016
4.6310267,4.9705882,1,30944,3,0,4,2,30421,957261,169,206701,34,1998,2016
4.9487229,4.8,3,30947,3,0,2,0,30203,2440014,96,492469,20,52,2016
4.9369627,4.4,3,30948,3,3,2,0,33203,858523,22,173897,5,15843,2016
4.4794812,4.8,2,30950,3,0,3,2,30322,2407645,96,537483,20,30269,2016
3.83243,4.8709677,0,30958,3,0,1,1,30110,8210299,151,2142322,31,28850,2016
4.6310267,4.9705882,1,30959,3,0,4,2,30421,957261,169,206701,34,907,2016
4.6310267,4.9705882,1,30961,3,0,4,2,30421,957261,169,206701,34,3576,2016
4.0214004,4.9642857,3,30962,3,0,1,0,30103,2422942,139,602512,28,56475,2016
4.6310267,4.9705882,1,30966,3,0,4,2,30421,957261,169,206701,34,3616,2016
4.6310267,4.9705882,1,30969,3,0,4,2,30421,957261,169,206701,34,1400,2016
5.1465347,4.8461538,1,30974,3,0,3,2,30321,1135341,63,220603,13,8269,2016
3.608189,4.8333333,1,30978,3,0,2,0,30201,1085235,58,300770,12,1151,2016
5.1223626,5,0,30980,3,3,2,1,33210,2198600,40,429216,8,80851,2016
5.1223626,5,0,30994,3,3,2,1,33210,2198600,40,429216,8,38879,2016
4.825788,4.7,0,31004,3,1,1,1,31110,5404207,47,1119860,10,102520,2016
4.8899973,4.8666667,0,31005,3,0,2,1,30210,3041593,73,622003,15,21666,2016
4.9369627,4.4,3,31008,3,3,2,0,33203,858523,22,173897,5,21473,2016
4.9487229,4.8,3,31016,3,0,2,0,30203,2440014,96,492469,20,9554,2016
2.775773,4.3333333,0,31018,3,3,1,1,33110,2184897,26,787131,6,30263,2016
4.4794812,4.8,2,31019,3,0,3,2,30322,2407645,96,537483,20,25034,2016
2.775773,4.3333333,0,31020,3,3,1,1,33110,2184897,26,787131,6,78682,2016
5.845102,4.9705882,2,31022,3,0,4,2,30422,1806439,169,409830,34,6717,2016
5.1465347,4.8461538,1,31032,3,0,3,2,30321,1135341,63,220603,13,7231,2016
5.1537657,5,2,31043,3,0,1,0,30102,3804649,105,738227,21,22226,2016
5.2521956,4.9583333,2,31044,3,0,2,0,30202,3691096,119,702772,24,4453,2016
4.0214004,4.9642857,3,31045,3,0,1,0,30103,2422942,139,602512,28,15542,2016
4.0214004,4.9642857,3,31049,3,0,1,0,30103,2422942,139,602512,28,349,2016
4.825788,4.7,0,31054,3,1,1,1,31110,5404207,47,1119860,10,48553,2016
4.825788,4.7,0,31055,3,1,1,1,31110,5404207,47,1119860,10,121246,2016
3.608189,4.8333333,1,31056,3,0,2,0,30201,1085235,58,300770,12,963,2016
4.4794812,4.8,2,31060,3,0,3,2,30322,2407645,96,537483,20,11102,2016
4.825788,4.7,0,31062,3,1,1,1,31110,5404207,47,1119860,10,70965,2016
5.1537657,5,2,31064,3,0,1,0,30102,3804649,105,738227,21,3372,2016
4.0214004,4.9642857,3,31067,3,0,1,0,30103,2422942,139,602512,28,18952,2016
4.1691002,4.5714286,0,31068,3,1,2,1,31210,2724507,32,653500,7,107065,2016
2.775773,4.3333333,0,31071,3,3,1,1,33110,2184897,26,787131,6,88405,2016
5.1537657,5,2,31075,3,0,1,0,30102,3804649,105,738227,21,21208,2016
3.83243,4.8709677,0,31078,3,0,1,1,30110,8210299,151,2142322,31,59,2016
4.0214004,4.9642857,3,31082,3,0,1,0,30103,2422942,139,602512,28,50795,2016
4.4794812,4.8,2,31083,3,0,3,2,30322,2407645,96,537483,20,11079,2016
3.231758,4,0,31088,3,8,1,0,38100,419870,8,129920,2,66863,2016
4.9369627,4.4,3,31093,3,3,2,0,33203,858523,22,173897,5,55842,2016
5.1697252,4.8181818,3,31097,3,0,3,2,30323,1173326,53,226961,11,7658,2016
4.6310267,4.9705882,1,31098,3,0,4,2,30421,957261,169,206701,34,3998,2016
6.5483355,4.9333333,3,31101,3,0,4,2,30423,732320,74,111833,15,3299,2016
3.8138521,5,0,31102,3,3,9,2,33920,1646726,60,431775,12,31871,2016
4.8899973,4.8666667,0,31106,3,0,2,1,30210,3041593,73,622003,15,13623,2016
5.2521956,4.9583333,2,31107,3,0,2,0,30202,3691096,119,702772,24,13438,2016
4.3838265,4.9705882,2,31109,3,0,4,2,30422,1806439,169,409830,34,32115,2016
3.8138521,5,0,31111,3,3,9,2,33920,1646726,60,431775,12,41751,2016
5.1537657,5,2,31113,3,0,1,0,30102,3804649,105,738227,21,47216,2016
4.6310267,4.9705882,1,31114,3,0,4,2,30421,957261,169,206701,34,5892,2016
4.6310267,4.9705882,1,31115,3,0,4,2,30421,957261,169,206701,34,4120,2016
4.6310267,4.9705882,1,31119,3,0,4,2,30421,957261,169,206701,34,3258,2016
5.1537657,5,2,31120,3,0,1,0,30102,3804649,105,738227,21,9818,2016
4.6310267,4.9705882,1,31121,3,0,4,2,30421,957261,169,206701,34,14532,2016
3.608189,4.8333333,1,31123,3,0,2,0,30201,1085235,58,300770,12,8485,2016
4.3838265,4.9705882,2,31125,3,0,4,2,30422,1806439,169,409830,34,5413,2016
4.3838265,4.9705882,2,31127,3,0,4,2,30422,1806439,169,409830,34,4640,2016
4.9487229,4.8,3,31128,3,0,2,0,30203,2440014,96,492469,20,408,2016
6.5483355,4.9333333,3,31129,3,0,4,2,30423,732320,74,111833,15,4606,2016
4.5659064,4.8888889,0,31131,3,2,2,1,32210,3883970,44,850646,9,136618,2016
4.6310267,4.9705882,1,31132,3,0,4,2,30421,957261,169,206701,34,8220,2016
3.83243,4.8709677,0,31133,3,0,1,1,30110,8210299,151,2142322,31,25817,2016
3.8570834,3.5,1,31134,3,3,2,0,33201,333738,7,86526,2,33122,2016
3.8138521,5,0,31135,3,3,9,2,33920,1646726,60,431775,12,26151,2016
4.6310267,4.9705882,1,31136,3,0,4,2,30421,957261,169,206701,34,4731,2016
4.4794812,4.8,2,31137,3,0,3,2,30322,2407645,96,537483,20,6366,2016
4.0214004,4.9642857,3,31143,3,0,1,0,30103,2422942,139,602512,28,3841,2016
6.5483355,4.9333333,3,31149,3,0,4,2,30423,732320,74,111833,15,16500,2016
6.5483355,4.9333333,3,31152,3,0,4,2,30423,732320,74,111833,15,8141,2016
5.2521956,4.9583333,2,31153,3,0,2,0,30202,3691096,119,702772,24,4897,2016
3.8138521,5,0,31154,3,3,9,2,33920,1646726,60,431775,12,40358,2016
5.1697252,4.8181818,3,31155,3,0,3,2,30323,1173326,53,226961,11,10053,2016
4.9487229,4.8,3,31157,3,0,2,0,30203,2440014,96,492469,20,19254,2016
4.5659064,4.8888889,0,31158,3,2,2,1,32210,3883970,44,850646,9,65570,2016
4.9369627,4.4,3,31159,3,3,2,0,33203,858523,22,173897,5,39265,2016
3.608189,4.8333333,1,31160,3,0,2,0,30201,1085235,58,300770,12,17193,2016
4.6310267,4.9705882,1,31162,3,0,4,2,30421,957261,169,206701,34,1353,2016
4.6310267,4.9705882,1,31163,3,0,4,2,30421,957261,169,206701,34,14600,2016
3.83243,4.8709677,0,31164,3,0,1,1,30110,8210299,151,2142322,31,52053,2016
4.0214004,4.9642857,3,31165,3,0,1,0,30103,2422942,139,602512,28,23710,2016
4.0214004,4.9642857,3,31166,3,0,1,0,30103,2422942,139,602512,28,16979,2016
4.3838265,4.9705882,2,31167,3,0,4,2,30422,1806439,169,409830,34,7108,2016
4.0214004,4.9642857,3,31168,3,0,1,0,30103,2422942,139,602512,28,1374,2016
5.1465347,4.8461538,1,31169,3,0,3,2,30321,1135341,63,220603,13,20597,2016
6.5982972,4.8,3,31170,3,0,2,0,30203,2440014,96,492469,20,1771,2016
4.0214004,4.9642857,3,31171,3,0,1,0,30103,2422942,139,602512,28,67,2016
3.83243,4.8709677,0,31172,3,0,1,1,30110,8210299,151,2142322,31,37169,2016
3.8138521,5,0,31173,3,3,9,2,33920,1646726,60,431775,12,27042,2016
3.83243,4.8709677,0,31174,3,0,1,1,30110,8210299,151,2142322,31,21991,2016
3.83243,4.8709677,0,31175,3,0,1,1,30110,8210299,151,2142322,31,87131,2016
4.6310267,4.9705882,1,31176,3,0,4,2,30421,957261,169,206701,34,1903,2016
4.6310267,4.9705882,1,31177,3,0,4,2,30421,957261,169,206701,34,4905,2016
4.0214004,4.9642857,3,31178,3,0,1,0,30103,2422942,139,602512,28,2633,2016
3.83243,4.8709677,0,31179,3,0,1,1,30110,8210299,151,2142322,31,31620,2016
5.1465347,4.8461538,1,31180,3,0,3,2,30321,1135341,63,220603,13,27789,2016
4.0214004,4.9642857,3,31181,3,0,1,0,30103,2422942,139,602512,28,75,2016
4.0214004,4.9642857,3,31182,3,0,1,0,30103,2422942,139,602512,28,191,2016
9.2620534,4.9705882,1,31183,3,0,4,2,30421,957261,169,206701,34,5,2016
3.83243,4.8709677,0,31184,3,0,1,1,30110,8210299,151,2142322,31,83486,2016
4.0214004,4.9642857,3,31185,3,0,1,0,30103,2422942,139,602512,28,347,2016
4.6310267,4.9705882,1,31186,3,0,4,2,30421,957261,169,206701,34,940,2016
4.0214004,4.9642857,3,31187,3,0,1,0,30103,2422942,139,602512,28,2046,2016
3.83243,4.8709677,0,31188,3,0,1,1,30110,8210299,151,2142322,31,115,2016
4.3838265,4.9705882,2,31189,3,0,4,2,30422,1806439,169,409830,34,10091,2016
6.0550032,4.8333333,0,40001,4,3,2,0,43200,1177795,29,194516,6,28332,2016
4.6376713,4.75,4,40002,4,0,4,2,40424,444275,76,95797,16,5278,2016
4.8600519,4.75,0,40003,4,1,8,1,41810,2868043,38,590126,8,74048,2016
5.0796129,5,1,40005,4,0,3,2,40321,302877,35,59626,7,18638,2016
4.6376713,4.75,4,40017,4,0,4,2,40424,444275,76,95797,16,23895,2016
4.6787642,4.6666667,3,40034,4,0,2,0,40203,723875,28,154715,6,32763,2016
4.6376713,4.75,4,40037,4,0,4,2,40424,444275,76,95797,16,2377,2016
4.5544216,4.8,1,40039,4,0,2,0,40201,360150,24,79077,5,49114,2016
3.8156736,4.6666667,0,40044,4,0,2,1,40210,1909199,42,500357,9,39789,2016
4.0286911,4.5555556,0,40046,4,3,9,2,43920,915653,41,227283,9,32554,2016
4.919182,5,0,40047,4,2,2,1,42210,1706966,30,347002,6,62625,2016
4.0286911,4.5555556,0,40052,4,3,9,2,43920,915653,41,227283,9,20468,2016
5.0796129,5,1,40053,4,0,3,2,40321,302877,35,59626,7,13557,2016
3.7565914,4.6666667,2,40054,4,0,2,0,40202,1188856,56,316472,12,12430,2016
4.8600519,4.75,0,40059,4,1,8,1,41810,2868043,38,590126,8,72716,2016
4.8926012,5,2,40062,4,8,1,0,48102,641102,10,131035,2,52686,2016
4.6787642,4.6666667,3,40068,4,0,2,0,40203,723875,28,154715,6,18040,2016
3.3861641,4.7647059,2,40070,4,0,1,0,40102,2707929,81,799704,17,60848,2016
4.7868207,4.6923077,4,40071,4,0,3,2,40324,944995,61,197416,13,12808,2016
4.7868207,4.6923077,4,40072,4,0,3,2,40324,944995,61,197416,13,6571,2016
2.680728,2,3,40074,4,3,1,0,43103,177491,4,66210,2,33324,2016
4.8600519,4.75,0,40075,4,1,8,1,41810,2868043,38,590126,8,95017,2016
3.7735743,4.6666667,1,40083,4,0,1,0,40101,301935,14,80013,3,43340,2016
4.1006659,4.3333333,4,40087,4,2,2,0,42204,708837,13,172859,3,45204,2016
6.3517883,4.8421053,1,40088,4,0,4,2,40421,329914,92,51936,19,4266,2016
4.8600519,4.75,0,40093,4,1,8,1,41810,2868043,38,590126,8,91416,2016
3.0227877,4.7272727,3,40097,4,0,1,0,40103,1072609,52,354841,11,42100,2016
4.8879718,4.7894737,0,40098,4,0,1,1,40110,4880938,91,998561,19,59669,2016
3.7565914,4.6666667,2,40100,4,0,2,0,40202,1188856,56,316472,12,47615,2016
6.3517883,4.8421053,1,40101,4,0,4,2,40421,329914,92,51936,19,3174,2016
6.3517883,4.8421053,1,40106,4,0,4,2,40421,329914,92,51936,19,3701,2016
4.6376713,4.75,4,40124,4,0,4,2,40424,444275,76,95797,16,9438,2016
3.3861641,4.7647059,2,40125,4,0,1,0,40102,2707929,81,799704,17,26815,2016
4.077408,5,2,40126,4,3,1,0,43102,322103,10,78997,2,19990,2016
4.8600519,4.75,0,40129,4,1,8,1,41810,2868043,38,590126,8,47679,2016
3.8156736,4.6666667,0,40137,4,0,2,1,40210,1909199,42,500357,9,70062,2016
6.3517883,4.8421053,1,40138,4,0,4,2,40421,329914,92,51936,19,1111,2016
4.8879718,4.7894737,0,40140,4,0,1,1,40110,4880938,91,998561,19,60331,2016
4.6376713,4.75,4,40141,4,0,4,2,40424,444275,76,95797,16,2447,2016
4.7868207,4.6923077,4,40142,4,0,3,2,40324,944995,61,197416,13,16193,2016
4.6787642,4.6666667,3,40150,4,0,2,0,40203,723875,28,154715,6,31324,2016
4.5544216,4.8,1,40151,4,0,2,0,40201,360150,24,79077,5,4282,2016
4.7485937,4.6666667,0,40155,4,2,1,1,42110,2040371,28,429679,6,95743,2016
6.3517883,4.8421053,1,40160,4,0,4,2,40421,329914,92,51936,19,6175,2016
4.0286911,4.5555556,0,40161,4,3,9,2,43920,915653,41,227283,9,46271,2016
3.8156736,4.6666667,0,40166,4,0,2,1,40210,1909199,42,500357,9,98303,2016
6.3517883,4.8421053,1,40169,4,0,4,2,40421,329914,92,51936,19,330,2016
3.8156736,4.6666667,0,40170,4,0,2,1,40210,1909199,42,500357,9,30083,2016
3.0227877,4.7272727,3,40172,4,0,1,0,40103,1072609,52,354841,11,46951,2016
4.8879718,4.7894737,0,40178,4,0,1,1,40110,4880938,91,998561,19,65830,2016
4.6787642,4.6666667,3,40179,4,0,2,0,40203,723875,28,154715,6,42956,2016
3.0227877,4.7272727,3,40184,4,0,1,0,40103,1072609,52,354841,11,17016,2016
5.0796129,5,1,40188,4,0,3,2,40321,302877,35,59626,7,10382,2016
4.7485937,4.6666667,0,40190,4,2,1,1,42110,2040371,28,429679,6,123651,2016
3.0227877,4.7272727,3,40191,4,0,1,0,40103,1072609,52,354841,11,31855,2016
4.8926012,5,2,40193,4,8,1,0,48102,641102,10,131035,2,78349,2016
3.7565914,4.6666667,2,40199,4,0,2,0,40202,1188856,56,316472,12,20285,2016
3.8156736,4.6666667,0,40203,4,0,2,1,40210,1909199,42,500357,9,20323,2016
2.680728,2,3,40208,4,3,1,0,43103,177491,4,66210,2,32886,2016
4.5544216,4.8,1,40210,4,0,2,0,40201,360150,24,79077,5,13955,2016
3.0227877,4.7272727,3,40211,4,0,1,0,40103,1072609,52,354841,11,44793,2016
4.6082774,5.6666667,0,40214,4,3,2,1,43210,831195,17,180370,3,41292,2016
4.919182,5,0,40215,4,2,2,1,42210,1706966,30,347002,6,51467,2016
3.0227877,4.7272727,3,40217,4,0,1,0,40103,1072609,52,354841,11,18400,2016
3.7565914,4.6666667,2,40225,4,0,2,0,40202,1188856,56,316472,12,35841,2016
3.3861641,4.7647059,2,40226,4,0,1,0,40102,2707929,81,799704,17,47125,2016
4.8879718,4.7894737,0,40228,4,0,1,1,40110,4880938,91,998561,19,54260,2016
5.0796129,5,1,40230,4,0,3,2,40321,302877,35,59626,7,6557,2016
6.0550032,4.8333333,0,40233,4,3,2,0,43200,1177795,29,194516,6,24470,2016
3.3861641,4.7647059,2,40236,4,0,1,0,40102,2707929,81,799704,17,69741,2016
3.8156736,4.6666667,0,40238,4,0,2,1,40210,1909199,42,500357,9,59741,2016
4.7868207,4.6923077,4,40239,4,0,3,2,40324,944995,61,197416,13,33589,2016
4.5544216,4.8,1,40246,4,0,2,0,40201,360150,24,79077,5,7300,2016
4.8879718,4.7894737,0,40248,4,0,1,1,40110,4880938,91,998561,19,43185,2016
4.7868207,4.6923077,4,40251,4,0,3,2,40324,944995,61,197416,13,17636,2016
3.0227877,4.7272727,3,40257,4,0,1,0,40103,1072609,52,354841,11,15545,2016
4.7868207,4.6923077,4,40276,4,0,3,2,40324,944995,61,197416,13,9873,2016
3.0227877,4.7272727,3,40278,4,0,1,0,40103,1072609,52,354841,11,20122,2016
4.8879718,4.7894737,0,40289,4,0,1,1,40110,4880938,91,998561,19,59007,2016
3.3861641,4.7647059,2,40291,4,0,1,0,40102,2707929,81,799704,17,49531,2016
3.3861641,4.7647059,2,40292,4,0,1,0,40102,2707929,81,799704,17,70439,2016
4.8879718,4.7894737,0,40294,4,0,1,1,40110,4880938,91,998561,19,58958,2016
6.0550032,4.8333333,0,40298,4,3,2,0,43200,1177795,29,194516,6,16877,2016
3.3861641,4.7647059,2,40305,4,0,1,0,40102,2707929,81,799704,17,41688,2016
3.0227877,4.7272727,3,40306,4,0,1,0,40103,1072609,52,354841,11,17328,2016
3.3861641,4.7647059,2,40307,4,0,1,0,40102,2707929,81,799704,17,79339,2016
4.5544216,4.8,1,40308,4,0,2,0,40201,360150,24,79077,5,4426,2016
4.8879718,4.7894737,0,40313,4,0,1,1,40110,4880938,91,998561,19,108797,2016
4.7485937,4.6666667,0,40314,4,2,1,1,42110,2040371,28,429679,6,91971,2016
4.7485937,4.6666667,0,40318,4,2,1,1,42110,2040371,28,429679,6,26921,2016
3.7735743,4.6666667,1,40326,4,0,1,0,40101,301935,14,80013,3,16962,2016
3.8156736,4.6666667,0,40329,4,0,2,1,40210,1909199,42,500357,9,32219,2016
3.3861641,4.7647059,2,40332,4,0,1,0,40102,2707929,81,799704,17,18294,2016
4.8600519,4.75,0,40337,4,1,8,1,41810,2868043,38,590126,8,54993,2016
4.7868207,4.6923077,4,40338,4,0,3,2,40324,944995,61,197416,13,29888,2016
4.7868207,4.6923077,4,40340,4,0,3,2,40324,944995,61,197416,13,18131,2016
4.8879718,4.7894737,0,40342,4,0,1,1,40110,4880938,91,998561,19,46349,2016
4.8879718,4.7894737,0,40346,4,0,1,1,40110,4880938,91,998561,19,26274,2016
3.8345187,4.5,0,40349,4,3,1,1,43110,535364,9,139617,2,61327,2016
3.7565914,4.6666667,2,40350,4,0,2,0,40202,1188856,56,316472,12,8182,2016
4.6082774,5.6666667,0,40352,4,3,2,1,43210,831195,17,180370,3,100109,2016
3.7565914,4.6666667,2,40353,4,0,2,0,40202,1188856,56,316472,12,78482,2016
3.0227877,4.7272727,3,40355,4,0,1,0,40103,1072609,52,354841,11,44966,2016
4.6082774,5.6666667,0,40364,4,3,2,1,43210,831195,17,180370,3,38969,2016
4.8600519,4.75,0,40367,4,1,8,1,41810,2868043,38,590126,8,40161,2016
3.7565914,4.6666667,2,40370,4,0,2,0,40202,1188856,56,316472,12,34815,2016
4.7485937,4.6666667,0,40375,4,2,1,1,42110,2040371,28,429679,6,54463,2016
4.8879718,4.7894737,0,40382,4,0,1,1,40110,4880938,91,998561,19,62077,2016
3.3861641,4.7647059,2,40383,4,0,1,0,40102,2707929,81,799704,17,31712,2016
3.7565914,4.6666667,2,40385,4,0,2,0,40202,1188856,56,316472,12,18842,2016
3.7735743,4.6666667,1,40391,4,0,1,0,40101,301935,14,80013,3,19711,2016
1.2055285,2,3,40406,4,2,1,0,42103,239471,4,198644,2,96778,2016
4.919182,5,0,40409,4,2,2,1,42210,1706966,30,347002,6,47841,2016
4.919182,5,0,40411,4,2,2,1,42210,1706966,30,347002,6,56223,2016
4.6787642,4.6666667,3,40414,4,0,2,0,40203,723875,28,154715,6,3376,2016
3.7565914,4.6666667,2,40417,4,0,2,0,40202,1188856,56,316472,12,30759,2016
4.8879718,4.7894737,0,40422,4,0,1,1,40110,4880938,91,998561,19,25487,2016
3.7565914,4.6666667,2,40423,4,0,2,0,40202,1188856,56,316472,12,5256,2016
4.8879718,4.7894737,0,40424,4,0,1,1,40110,4880938,91,998561,19,115969,2016
3.3861641,4.7647059,2,40430,4,0,1,0,40102,2707929,81,799704,17,28108,2016
4.077408,5,2,40432,4,3,1,0,43102,322103,10,78997,2,59007,2016
4.7485937,4.6666667,0,40440,4,2,1,1,42110,2040371,28,429679,6,36930,2016
4.8879718,4.7894737,0,40442,4,0,1,1,40110,4880938,91,998561,19,22004,2016
3.3861641,4.7647059,2,40446,4,0,1,0,40102,2707929,81,799704,17,16690,2016
4.8879718,4.7894737,0,40448,4,0,1,1,40110,4880938,91,998561,19,66387,2016
6.3517883,4.8421053,1,40450,4,0,4,2,40421,329914,92,51936,19,437,2016
5.0796129,5,1,40451,4,0,3,2,40321,302877,35,59626,7,2456,2016
4.6376713,4.75,4,40453,4,0,4,2,40424,444275,76,95797,16,3672,2016
6.3517883,4.8421053,1,40456,4,0,4,2,40421,329914,92,51936,19,2468,2016
3.0227877,4.7272727,3,40459,4,0,1,0,40103,1072609,52,354841,11,55765,2016
6.3517883,4.8421053,1,40462,4,0,4,2,40421,329914,92,51936,19,5511,2016
4.6787642,4.6666667,3,40463,4,0,2,0,40203,723875,28,154715,6,26256,2016
6.0550032,4.8333333,0,40470,4,3,2,0,43200,1177795,29,194516,6,66674,2016
3.8345187,4.5,0,40473,4,3,1,1,43110,535364,9,139617,2,78290,2016
4.7868207,4.6923077,4,40474,4,0,3,2,40324,944995,61,197416,13,11781,2016
3.8156736,4.6666667,0,40477,4,0,2,1,40210,1909199,42,500357,9,24896,2016
4.1006659,4.3333333,4,40480,4,2,2,0,42204,708837,13,172859,3,70561,2016
4.8879718,4.7894737,0,40487,4,0,1,1,40110,4880938,91,998561,19,50408,2016
3.3861641,4.7647059,2,40490,4,0,1,0,40102,2707929,81,799704,17,5522,2016
3.3861641,4.7647059,2,40492,4,0,1,0,40102,2707929,81,799704,17,108152,2016
3.8156736,4.6666667,0,40493,4,0,2,1,40210,1909199,42,500357,9,124941,2016
3.3861641,4.7647059,2,40497,4,0,1,0,40102,2707929,81,799704,17,42464,2016
6.3517883,4.8421053,1,40498,4,0,4,2,40421,329914,92,51936,19,839,2016
4.0286911,4.5555556,0,40499,4,3,9,2,43920,915653,41,227283,9,15151,2016
6.3517883,4.8421053,1,40500,4,0,4,2,40421,329914,92,51936,19,4559,2016
4.919182,5,0,40503,4,2,2,1,42210,1706966,30,347002,6,33988,2016
6.3517883,4.8421053,1,40506,4,0,4,2,40421,329914,92,51936,19,4492,2016
4.0286911,4.5555556,0,40515,4,3,9,2,43920,915653,41,227283,9,17035,2016
8.469051,4.8421053,1,40516,4,0,4,2,40421,329914,92,51936,19,13,2016
3.3861641,4.7647059,2,40519,4,0,1,0,40102,2707929,81,799704,17,83551,2016
4.6376713,4.75,4,40521,4,0,4,2,40424,444275,76,95797,16,549,2016
6.3517883,4.8421053,1,40523,4,0,4,2,40421,329914,92,51936,19,1582,2016
6.3517883,4.8421053,1,40524,4,0,4,2,40421,329914,92,51936,19,2424,2016
4.7868207,4.6923077,4,40526,4,0,3,2,40324,944995,61,197416,13,8057,2016
4.0286911,4.5555556,0,40527,4,3,9,2,43920,915653,41,227283,9,20762,2016
4.6376713,4.75,4,40538,4,0,4,2,40424,444275,76,95797,16,3998,2016
6.3517883,4.8421053,1,40539,4,0,4,2,40421,329914,92,51936,19,3049,2016
1.2055285,2,3,40545,4,2,1,0,42103,239471,4,198644,2,101866,2016
4.6376713,4.75,4,40549,4,0,4,2,40424,444275,76,95797,16,3383,2016
4.6376713,4.75,4,40551,4,0,4,2,40424,444275,76,95797,16,4600,2016
4.6376713,4.75,4,40554,4,0,4,2,40424,444275,76,95797,16,5928,2016
4.6376713,4.75,4,40555,4,0,4,2,40424,444275,76,95797,16,3420,2016
4.8879718,4.7894737,0,40556,4,0,1,1,40110,4880938,91,998561,19,15642,2016
6.3517883,4.8421053,1,40557,4,0,4,2,40421,329914,92,51936,19,1098,2016
4.6376713,4.75,4,40558,4,0,4,2,40424,444275,76,95797,16,559,2016
4.6376713,4.75,4,40559,4,0,4,2,40424,444275,76,95797,16,2339,2016
4.6376713,4.75,4,40562,4,0,4,2,40424,444275,76,95797,16,10685,2016
4.8600519,4.75,0,40565,4,1,8,1,41810,2868043,38,590126,8,114096,2016
4.919182,5,0,40566,4,2,2,1,42210,1706966,30,347002,6,94858,2016
4.8879718,4.7894737,0,40568,4,0,1,1,40110,4880938,91,998561,19,31453,2016
4.0286911,4.5555556,0,40569,4,3,9,2,43920,915653,41,227283,9,18636,2016
4.7868207,4.6923077,4,40570,4,0,3,2,40324,944995,61,197416,13,13913,2016
4.7868207,4.6923077,4,40572,4,0,3,2,40324,944995,61,197416,13,8263,2016
3.7565914,4.6666667,2,40573,4,0,2,0,40202,1188856,56,316472,12,10089,2016
6.0550032,4.8333333,0,40574,4,3,2,0,43200,1177795,29,194516,6,29614,2016
4.1006659,4.3333333,4,40576,4,2,2,0,42204,708837,13,172859,3,57094,2016
4.0286911,4.5555556,0,40577,4,3,9,2,43920,915653,41,227283,9,9553,2016
6.0550032,4.8333333,0,40578,4,3,2,0,43200,1177795,29,194516,6,28549,2016
4.6376713,4.75,4,40579,4,0,4,2,40424,444275,76,95797,16,13229,2016
6.3517883,4.8421053,1,40580,4,0,4,2,40421,329914,92,51936,19,3912,2016
4.0286911,4.5555556,0,40582,4,3,9,2,43920,915653,41,227283,9,46853,2016
6.3517883,4.8421053,1,40588,4,0,4,2,40421,329914,92,51936,19,2795,2016
4.8879718,4.7894737,0,40589,4,0,1,1,40110,4880938,91,998561,19,26474,2016
5.0796129,5,1,40590,4,0,3,2,40321,302877,35,59626,7,2946,2016
3.3861641,4.7647059,2,40591,4,0,1,0,40102,2707929,81,799704,17,19685,2016
5.0796129,5,1,40592,4,0,3,2,40321,302877,35,59626,7,5090,2016
3.7565914,4.6666667,2,40593,4,0,2,0,40202,1188856,56,316472,12,13876,2016
4.7868207,4.6923077,4,40594,4,0,3,2,40324,944995,61,197416,13,10713,2016
